event	flair	bambu	rnabloom	isotools	annotation	gene	species	type	longest_annotation
ENSG00000058404_1_canonical	T	T	T	T	T	ENSG00000058404	homo_sapiens	canonical	T
ENSG00000058404_1_alternative	T	T	T	T	T	ENSG00000058404	homo_sapiens	alternative	T
ENSG00000058404_2_canonical	T	T	T	T	T	ENSG00000058404	homo_sapiens	canonical	T
ENSG00000058404_2_alternative	T	T	T	T	T	ENSG00000058404	homo_sapiens	alternative	T
ENSG00000058404_3_canonical	T	T	T	T	T	ENSG00000058404	homo_sapiens	canonical	T
ENSG00000058404_3_alternative	T	T	T	T	T	ENSG00000058404	homo_sapiens	alternative	T
ENSG00000058404_4_canonical	T	T	T	T	T	ENSG00000058404	homo_sapiens	canonical	T
ENSG00000058404_4_alternative	F	T	T	T	T	ENSG00000058404	homo_sapiens	alternative	T
ENSG00000058404_5_canonical	T	T	T	T	T	ENSG00000058404	homo_sapiens	canonical	T
ENSG00000058404_5_alternative	T	T	T	F	T	ENSG00000058404	homo_sapiens	alternative	T
ENSG00000058404_6_canonical	T	T	T	F	T	ENSG00000058404	homo_sapiens	canonical	T
ENSG00000058404_6_alternative	T	T	T	T	T	ENSG00000058404	homo_sapiens	alternative	T
ENSG00000058404_7_canonical	T	T	T	T	T	ENSG00000058404	homo_sapiens	canonical	T
ENSG00000058404_7_alternative	T	T	F	T	F	ENSG00000058404	homo_sapiens	alternative	T
ENSG00000058404_8_canonical	T	T	T	F	T	ENSG00000058404	homo_sapiens	canonical	T
ENSG00000058404_8_alternative	T	T	F	T	T	ENSG00000058404	homo_sapiens	alternative	T
ENSG00000058404_9_canonical	T	T	T	T	T	ENSG00000058404	homo_sapiens	canonical	T
ENSG00000058404_9_alternative	F	F	T	F	T	ENSG00000058404	homo_sapiens	alternative	T
ENSG00000058404_10_canonical	T	T	T	T	T	ENSG00000058404	homo_sapiens	canonical	T
ENSG00000058404_10_alternative	F	F	T	F	T	ENSG00000058404	homo_sapiens	alternative	T
ENSG00000058404_11_canonical	T	T	T	F	T	ENSG00000058404	homo_sapiens	canonical	T
ENSG00000058404_11_alternative	F	F	T	F	T	ENSG00000058404	homo_sapiens	alternative	T
ENSG00000058404_12_canonical	T	T	T	F	T	ENSG00000058404	homo_sapiens	canonical	T
ENSG00000058404_12_alternative	F	F	T	F	F	ENSG00000058404	homo_sapiens	alternative	T
ENSG00000058404_13_canonical	T	T	T	F	T	ENSG00000058404	homo_sapiens	canonical	T
ENSG00000058404_13_alternative	F	F	T	F	F	ENSG00000058404	homo_sapiens	alternative	T
ENSG00000058404_14_canonical	T	T	T	F	T	ENSG00000058404	homo_sapiens	canonical	T
ENSG00000058404_14_alternative	F	F	T	F	F	ENSG00000058404	homo_sapiens	alternative	T
ENSG00000058404_15_canonical	T	T	T	F	T	ENSG00000058404	homo_sapiens	canonical	T
ENSG00000058404_15_alternative	F	F	T	F	F	ENSG00000058404	homo_sapiens	alternative	T
ENSG00000058404_16_canonical	T	T	T	F	T	ENSG00000058404	homo_sapiens	canonical	T
ENSG00000058404_16_alternative	F	F	T	F	F	ENSG00000058404	homo_sapiens	alternative	T
ENSG00000058404_17_canonical	T	T	T	F	T	ENSG00000058404	homo_sapiens	canonical	T
ENSG00000058404_17_alternative	F	F	T	F	F	ENSG00000058404	homo_sapiens	alternative	T
ENSG00000058404_18_canonical	T	T	T	F	T	ENSG00000058404	homo_sapiens	canonical	T
ENSG00000058404_18_alternative	F	F	T	F	F	ENSG00000058404	homo_sapiens	alternative	T
ENSG00000058404_19_canonical	T	T	T	F	T	ENSG00000058404	homo_sapiens	canonical	T
ENSG00000058404_19_alternative	F	F	T	F	F	ENSG00000058404	homo_sapiens	alternative	T
ENSG00000058404_20_canonical	T	T	T	F	T	ENSG00000058404	homo_sapiens	canonical	T
ENSG00000058404_20_alternative	F	F	T	F	F	ENSG00000058404	homo_sapiens	alternative	T
ENSG00000058404_21_canonical	T	T	T	F	T	ENSG00000058404	homo_sapiens	canonical	T
ENSG00000058404_21_alternative	F	F	T	F	F	ENSG00000058404	homo_sapiens	alternative	T
ENSG00000058404_22_canonical	T	T	T	T	T	ENSG00000058404	homo_sapiens	canonical	T
ENSG00000058404_22_alternative	F	F	T	F	F	ENSG00000058404	homo_sapiens	alternative	T
ENSG00000058404_23_canonical	T	T	T	T	T	ENSG00000058404	homo_sapiens	canonical	T
ENSG00000058404_23_alternative	F	F	T	F	F	ENSG00000058404	homo_sapiens	alternative	T
ENSG00000058404_24_canonical	T	T	T	T	T	ENSG00000058404	homo_sapiens	canonical	T
ENSG00000058404_24_alternative	F	F	T	F	F	ENSG00000058404	homo_sapiens	alternative	T
ENSG00000058404_25_canonical	T	T	T	F	T	ENSG00000058404	homo_sapiens	canonical	T
ENSG00000058404_25_alternative	F	F	T	F	F	ENSG00000058404	homo_sapiens	alternative	T
ENSG00000058404_26_canonical	T	T	T	T	T	ENSG00000058404	homo_sapiens	canonical	T
ENSG00000058404_26_alternative	F	F	F	F	T	ENSG00000058404	homo_sapiens	alternative	T
ENSG00000058404_27_canonical	T	T	T	T	T	ENSG00000058404	homo_sapiens	canonical	T
ENSG00000058404_27_alternative	F	F	T	F	F	ENSG00000058404	homo_sapiens	alternative	T
ENSG00000058404_28_canonical	T	T	T	T	T	ENSG00000058404	homo_sapiens	canonical	T
ENSG00000058404_28_alternative	F	F	T	F	F	ENSG00000058404	homo_sapiens	alternative	T
ENSG00000058404_29_canonical	T	T	T	F	T	ENSG00000058404	homo_sapiens	canonical	T
ENSG00000058404_29_alternative	F	F	T	F	F	ENSG00000058404	homo_sapiens	alternative	T
ENSG00000058404_30_canonical	T	T	T	F	T	ENSG00000058404	homo_sapiens	canonical	T
ENSG00000058404_30_alternative	F	F	T	F	F	ENSG00000058404	homo_sapiens	alternative	T
ENSG00000058404_31_canonical	T	T	T	T	T	ENSG00000058404	homo_sapiens	canonical	T
ENSG00000058404_31_alternative	F	F	T	F	F	ENSG00000058404	homo_sapiens	alternative	T
ENSG00000197122_1_canonical	T	T	T	T	T	ENSG00000197122	homo_sapiens	canonical	T
ENSG00000197122_1_alternative	F	F	T	F	F	ENSG00000197122	homo_sapiens	alternative	T
ENSG00000197122_2_canonical	T	T	T	T	T	ENSG00000197122	homo_sapiens	canonical	T
ENSG00000197122_2_alternative	F	F	T	F	F	ENSG00000197122	homo_sapiens	alternative	T
ENSG00000197122_3_canonical	F	F	F	F	T	ENSG00000197122	homo_sapiens	canonical	T
ENSG00000197122_3_alternative	T	T	T	T	T	ENSG00000197122	homo_sapiens	alternative	T
ENSG00000197122_4_canonical	F	F	F	F	T	ENSG00000197122	homo_sapiens	canonical	T
ENSG00000197122_4_alternative	F	F	F	F	T	ENSG00000197122	homo_sapiens	alternative	T
ENSG00000197122_5_canonical	F	F	F	F	T	ENSG00000197122	homo_sapiens	canonical	T
ENSG00000197122_5_alternative	T	T	T	T	T	ENSG00000197122	homo_sapiens	alternative	T
ENSG00000197122_6_canonical	F	F	F	F	T	ENSG00000197122	homo_sapiens	canonical	T
ENSG00000197122_6_alternative	F	F	T	F	F	ENSG00000197122	homo_sapiens	alternative	T
ENSG00000197122_7_canonical	F	F	F	F	T	ENSG00000197122	homo_sapiens	canonical	T
ENSG00000197122_7_alternative	F	F	T	F	F	ENSG00000197122	homo_sapiens	alternative	T
ENSG00000197122_8_canonical	F	F	F	F	T	ENSG00000197122	homo_sapiens	canonical	T
ENSG00000197122_8_alternative	F	F	T	F	F	ENSG00000197122	homo_sapiens	alternative	T
ENSG00000197122_9_canonical	F	F	F	F	T	ENSG00000197122	homo_sapiens	canonical	T
ENSG00000197122_9_alternative	F	F	T	F	F	ENSG00000197122	homo_sapiens	alternative	T
ENSG00000197122_10_canonical	F	F	F	F	T	ENSG00000197122	homo_sapiens	canonical	T
ENSG00000197122_10_alternative	F	F	T	F	F	ENSG00000197122	homo_sapiens	alternative	T
ENSG00000197122_11_canonical	F	F	F	F	T	ENSG00000197122	homo_sapiens	canonical	T
ENSG00000197122_11_alternative	F	F	T	F	F	ENSG00000197122	homo_sapiens	alternative	T
ENSG00000140416_1_canonical	T	T	T	T	T	ENSG00000140416	homo_sapiens	canonical	T
ENSG00000140416_1_alternative	T	T	T	T	T	ENSG00000140416	homo_sapiens	alternative	T
ENSG00000140416_2_canonical	T	T	T	T	T	ENSG00000140416	homo_sapiens	canonical	T
ENSG00000140416_2_alternative	T	T	T	T	T	ENSG00000140416	homo_sapiens	alternative	T
ENSG00000140416_3_canonical	T	T	T	T	T	ENSG00000140416	homo_sapiens	canonical	T
ENSG00000140416_3_alternative	T	T	T	T	T	ENSG00000140416	homo_sapiens	alternative	T
ENSG00000140416_4_canonical	T	T	T	T	T	ENSG00000140416	homo_sapiens	canonical	T
ENSG00000140416_4_alternative	T	T	T	F	T	ENSG00000140416	homo_sapiens	alternative	T
ENSG00000140416_5_canonical	T	T	T	T	T	ENSG00000140416	homo_sapiens	canonical	T
ENSG00000140416_5_alternative	T	T	T	F	T	ENSG00000140416	homo_sapiens	alternative	T
ENSG00000140416_6_canonical	T	T	T	F	T	ENSG00000140416	homo_sapiens	canonical	T
ENSG00000140416_6_alternative	F	F	T	F	F	ENSG00000140416	homo_sapiens	alternative	T
ENSG00000140416_7_canonical	F	F	F	F	T	ENSG00000140416	homo_sapiens	canonical	T
ENSG00000140416_7_alternative	F	F	F	F	T	ENSG00000140416	homo_sapiens	alternative	T
ENSG00000140416_8_canonical	F	F	F	F	T	ENSG00000140416	homo_sapiens	canonical	T
ENSG00000140416_8_alternative	T	T	T	F	T	ENSG00000140416	homo_sapiens	alternative	T
ENSG00000140416_9_canonical	F	F	F	F	T	ENSG00000140416	homo_sapiens	canonical	T
ENSG00000140416_9_alternative	T	T	T	T	T	ENSG00000140416	homo_sapiens	alternative	T
ENSG00000140416_10_canonical	F	F	F	F	T	ENSG00000140416	homo_sapiens	canonical	T
ENSG00000140416_10_alternative	T	T	T	T	T	ENSG00000140416	homo_sapiens	alternative	T
ENSG00000140416_11_canonical	F	F	F	F	T	ENSG00000140416	homo_sapiens	canonical	T
ENSG00000140416_11_alternative	F	F	F	F	T	ENSG00000140416	homo_sapiens	alternative	T
ENSG00000140416_12_canonical	F	F	F	F	T	ENSG00000140416	homo_sapiens	canonical	T
ENSG00000140416_12_alternative	T	T	T	T	T	ENSG00000140416	homo_sapiens	alternative	T
ENSG00000140416_13_canonical	F	F	F	F	T	ENSG00000140416	homo_sapiens	canonical	T
ENSG00000140416_13_alternative	F	F	F	F	T	ENSG00000140416	homo_sapiens	alternative	T
ENSG00000140416_14_canonical	T	T	T	T	T	ENSG00000140416	homo_sapiens	canonical	T
ENSG00000140416_14_alternative	F	F	T	F	F	ENSG00000140416	homo_sapiens	alternative	T
ENSG00000140416_15_canonical	T	T	T	T	T	ENSG00000140416	homo_sapiens	canonical	T
ENSG00000140416_15_alternative	F	F	T	F	F	ENSG00000140416	homo_sapiens	alternative	T
ENSG00000140416_16_canonical	F	F	F	F	T	ENSG00000140416	homo_sapiens	canonical	T
ENSG00000140416_16_alternative	F	F	T	F	F	ENSG00000140416	homo_sapiens	alternative	T
ENSG00000140416_17_canonical	F	F	F	F	T	ENSG00000140416	homo_sapiens	canonical	T
ENSG00000140416_17_alternative	F	F	T	F	F	ENSG00000140416	homo_sapiens	alternative	T
ENSG00000140416_18_canonical	F	F	F	F	T	ENSG00000140416	homo_sapiens	canonical	T
ENSG00000140416_18_alternative	T	T	T	F	F	ENSG00000140416	homo_sapiens	alternative	T
ENSG00000140416_19_canonical	F	F	F	F	T	ENSG00000140416	homo_sapiens	canonical	T
ENSG00000140416_19_alternative	F	F	T	F	F	ENSG00000140416	homo_sapiens	alternative	T
ENSG00000140416_20_canonical	F	F	F	F	T	ENSG00000140416	homo_sapiens	canonical	T
ENSG00000140416_20_alternative	F	F	T	F	F	ENSG00000140416	homo_sapiens	alternative	T
ENSG00000140416_21_canonical	F	F	F	F	T	ENSG00000140416	homo_sapiens	canonical	T
ENSG00000140416_21_alternative	F	F	T	F	F	ENSG00000140416	homo_sapiens	alternative	T
ENSG00000140416_22_canonical	F	F	F	F	T	ENSG00000140416	homo_sapiens	canonical	T
ENSG00000140416_22_alternative	F	F	T	F	F	ENSG00000140416	homo_sapiens	alternative	T
ENSG00000140416_23_canonical	F	F	F	F	T	ENSG00000140416	homo_sapiens	canonical	T
ENSG00000140416_23_alternative	F	F	T	F	F	ENSG00000140416	homo_sapiens	alternative	T
ENSG00000140416_24_canonical	F	F	F	F	T	ENSG00000140416	homo_sapiens	canonical	T
ENSG00000140416_24_alternative	F	F	T	F	F	ENSG00000140416	homo_sapiens	alternative	T
ENSG00000140416_25_canonical	F	F	F	F	T	ENSG00000140416	homo_sapiens	canonical	T
ENSG00000140416_25_alternative	F	F	T	F	F	ENSG00000140416	homo_sapiens	alternative	T
ENSG00000140416_26_canonical	F	F	F	F	T	ENSG00000140416	homo_sapiens	canonical	T
ENSG00000140416_26_alternative	T	T	T	F	F	ENSG00000140416	homo_sapiens	alternative	T
ENSG00000140416_27_canonical	F	F	F	F	T	ENSG00000140416	homo_sapiens	canonical	T
ENSG00000140416_27_alternative	F	F	T	F	F	ENSG00000140416	homo_sapiens	alternative	T
ENSG00000140416_28_canonical	F	F	F	F	T	ENSG00000140416	homo_sapiens	canonical	T
ENSG00000140416_28_alternative	F	F	F	T	F	ENSG00000140416	homo_sapiens	alternative	T
ENSG00000140416_29_canonical	F	F	F	F	T	ENSG00000140416	homo_sapiens	canonical	T
ENSG00000140416_29_alternative	T	F	F	F	F	ENSG00000140416	homo_sapiens	alternative	T
ENSG00000140416_30_canonical	F	F	F	F	T	ENSG00000140416	homo_sapiens	canonical	T
ENSG00000140416_30_alternative	F	T	F	F	F	ENSG00000140416	homo_sapiens	alternative	T
ENSG00000140416_31_canonical	F	F	F	F	T	ENSG00000140416	homo_sapiens	canonical	T
ENSG00000140416_31_alternative	F	F	T	F	F	ENSG00000140416	homo_sapiens	alternative	T
ENSG00000140416_32_canonical	F	F	F	F	T	ENSG00000140416	homo_sapiens	canonical	T
ENSG00000140416_32_alternative	F	F	T	F	F	ENSG00000140416	homo_sapiens	alternative	T
ENSG00000140416_33_canonical	F	F	F	F	T	ENSG00000140416	homo_sapiens	canonical	T
ENSG00000140416_33_alternative	F	F	T	F	F	ENSG00000140416	homo_sapiens	alternative	T
ENSG00000140416_34_canonical	F	F	F	F	T	ENSG00000140416	homo_sapiens	canonical	T
ENSG00000140416_34_alternative	F	F	T	F	F	ENSG00000140416	homo_sapiens	alternative	T
ENSG00000140416_35_canonical	F	F	F	F	T	ENSG00000140416	homo_sapiens	canonical	T
ENSG00000140416_35_alternative	F	F	T	F	F	ENSG00000140416	homo_sapiens	alternative	T
ENSG00000139220_1_canonical	T	T	T	T	T	ENSG00000139220	homo_sapiens	canonical	T
ENSG00000139220_1_alternative	F	F	T	F	T	ENSG00000139220	homo_sapiens	alternative	T
ENSG00000139220_2_canonical	T	T	T	T	T	ENSG00000139220	homo_sapiens	canonical	T
ENSG00000139220_2_alternative	F	F	T	F	T	ENSG00000139220	homo_sapiens	alternative	T
ENSG00000139220_3_canonical	T	T	T	T	T	ENSG00000139220	homo_sapiens	canonical	T
ENSG00000139220_3_alternative	F	F	T	F	T	ENSG00000139220	homo_sapiens	alternative	T
ENSG00000139220_4_canonical	T	T	T	T	T	ENSG00000139220	homo_sapiens	canonical	T
ENSG00000139220_4_alternative	F	F	T	F	T	ENSG00000139220	homo_sapiens	alternative	T
ENSG00000139220_5_canonical	T	T	T	T	T	ENSG00000139220	homo_sapiens	canonical	T
ENSG00000139220_5_alternative	F	F	T	F	T	ENSG00000139220	homo_sapiens	alternative	T
ENSG00000139220_6_canonical	F	F	F	F	T	ENSG00000139220	homo_sapiens	canonical	T
ENSG00000139220_6_alternative	F	F	T	F	T	ENSG00000139220	homo_sapiens	alternative	T
ENSG00000139220_7_canonical	F	F	F	F	T	ENSG00000139220	homo_sapiens	canonical	T
ENSG00000139220_7_alternative	F	F	T	F	T	ENSG00000139220	homo_sapiens	alternative	T
ENSG00000139220_8_canonical	F	F	F	F	T	ENSG00000139220	homo_sapiens	canonical	T
ENSG00000139220_8_alternative	T	T	T	T	T	ENSG00000139220	homo_sapiens	alternative	T
ENSG00000139220_9_canonical	F	F	F	F	T	ENSG00000139220	homo_sapiens	canonical	T
ENSG00000139220_9_alternative	F	F	T	F	T	ENSG00000139220	homo_sapiens	alternative	T
ENSG00000139220_10_canonical	T	T	T	T	T	ENSG00000139220	homo_sapiens	canonical	T
ENSG00000139220_10_alternative	F	F	T	F	F	ENSG00000139220	homo_sapiens	alternative	T
ENSG00000139220_11_canonical	T	T	T	T	T	ENSG00000139220	homo_sapiens	canonical	T
ENSG00000139220_11_alternative	F	F	F	T	F	ENSG00000139220	homo_sapiens	alternative	T
ENSG00000139220_12_canonical	T	T	T	T	T	ENSG00000139220	homo_sapiens	canonical	T
ENSG00000139220_12_alternative	F	F	T	F	F	ENSG00000139220	homo_sapiens	alternative	T
ENSG00000139220_13_canonical	T	T	T	T	T	ENSG00000139220	homo_sapiens	canonical	T
ENSG00000139220_13_alternative	F	F	T	F	F	ENSG00000139220	homo_sapiens	alternative	T
ENSG00000139220_14_canonical	T	T	T	T	T	ENSG00000139220	homo_sapiens	canonical	T
ENSG00000139220_14_alternative	F	F	T	F	F	ENSG00000139220	homo_sapiens	alternative	T
ENSG00000139220_15_canonical	T	T	T	T	T	ENSG00000139220	homo_sapiens	canonical	T
ENSG00000139220_15_alternative	F	F	T	F	F	ENSG00000139220	homo_sapiens	alternative	T
ENSG00000139220_16_canonical	T	T	T	T	T	ENSG00000139220	homo_sapiens	canonical	T
ENSG00000139220_16_alternative	F	F	T	F	F	ENSG00000139220	homo_sapiens	alternative	T
ENSG00000139220_17_canonical	T	T	T	T	T	ENSG00000139220	homo_sapiens	canonical	T
ENSG00000139220_17_alternative	F	F	T	F	F	ENSG00000139220	homo_sapiens	alternative	T
ENSG00000139220_18_canonical	T	T	T	T	T	ENSG00000139220	homo_sapiens	canonical	T
ENSG00000139220_18_alternative	F	F	F	F	T	ENSG00000139220	homo_sapiens	alternative	T
ENSG00000139220_19_canonical	F	F	F	F	T	ENSG00000139220	homo_sapiens	canonical	T
ENSG00000139220_19_alternative	F	F	T	F	T	ENSG00000139220	homo_sapiens	alternative	T
ENSG00000139220_20_canonical	F	F	T	F	T	ENSG00000139220	homo_sapiens	canonical	T
ENSG00000139220_20_alternative	F	F	T	F	F	ENSG00000139220	homo_sapiens	alternative	T
ENSG00000139220_21_canonical	T	T	T	T	T	ENSG00000139220	homo_sapiens	canonical	T
ENSG00000139220_21_alternative	F	F	T	F	F	ENSG00000139220	homo_sapiens	alternative	T
ENSG00000139220_22_canonical	T	T	T	T	T	ENSG00000139220	homo_sapiens	canonical	T
ENSG00000139220_22_alternative	F	F	T	F	F	ENSG00000139220	homo_sapiens	alternative	T
ENSG00000139220_23_canonical	T	T	T	T	T	ENSG00000139220	homo_sapiens	canonical	T
ENSG00000139220_23_alternative	F	F	T	F	F	ENSG00000139220	homo_sapiens	alternative	T
ENSG00000139220_24_canonical	T	T	T	T	T	ENSG00000139220	homo_sapiens	canonical	T
ENSG00000139220_24_alternative	F	F	T	F	F	ENSG00000139220	homo_sapiens	alternative	T
ENSG00000139220_25_canonical	T	T	T	T	T	ENSG00000139220	homo_sapiens	canonical	T
ENSG00000139220_25_alternative	F	F	T	F	F	ENSG00000139220	homo_sapiens	alternative	T
ENSG00000139220_26_canonical	T	T	T	T	T	ENSG00000139220	homo_sapiens	canonical	T
ENSG00000139220_26_alternative	F	F	T	F	F	ENSG00000139220	homo_sapiens	alternative	T
ENSG00000139220_27_canonical	T	T	T	T	T	ENSG00000139220	homo_sapiens	canonical	T
ENSG00000139220_27_alternative	F	F	T	F	F	ENSG00000139220	homo_sapiens	alternative	T
ENSG00000139220_28_canonical	F	F	F	F	T	ENSG00000139220	homo_sapiens	canonical	T
ENSG00000139220_28_alternative	F	F	T	F	F	ENSG00000139220	homo_sapiens	alternative	T
ENSG00000139220_29_canonical	F	F	F	F	T	ENSG00000139220	homo_sapiens	canonical	T
ENSG00000139220_29_alternative	F	F	T	F	F	ENSG00000139220	homo_sapiens	alternative	T
ENSG00000139220_30_canonical	F	F	F	F	T	ENSG00000139220	homo_sapiens	canonical	T
ENSG00000139220_30_alternative	F	F	T	F	F	ENSG00000139220	homo_sapiens	alternative	T
ENSG00000139220_31_canonical	F	F	F	F	T	ENSG00000139220	homo_sapiens	canonical	T
ENSG00000139220_31_alternative	F	F	T	F	F	ENSG00000139220	homo_sapiens	alternative	T
ENSG00000139220_32_canonical	F	F	F	F	T	ENSG00000139220	homo_sapiens	canonical	T
ENSG00000139220_32_alternative	F	F	T	F	F	ENSG00000139220	homo_sapiens	alternative	T
ENSG00000139220_33_canonical	F	F	F	F	T	ENSG00000139220	homo_sapiens	canonical	T
ENSG00000139220_33_alternative	F	F	T	F	F	ENSG00000139220	homo_sapiens	alternative	T
ENSG00000139220_34_canonical	F	F	F	F	T	ENSG00000139220	homo_sapiens	canonical	T
ENSG00000139220_34_alternative	F	F	T	F	F	ENSG00000139220	homo_sapiens	alternative	T
ENSG00000139220_35_canonical	F	F	F	F	T	ENSG00000139220	homo_sapiens	canonical	T
ENSG00000139220_35_alternative	F	F	T	F	F	ENSG00000139220	homo_sapiens	alternative	T
ENSG00000139220_36_canonical	T	T	F	T	T	ENSG00000139220	homo_sapiens	canonical	T
ENSG00000139220_36_alternative	F	F	T	F	F	ENSG00000139220	homo_sapiens	alternative	T
ENSG00000139220_37_canonical	T	T	F	T	T	ENSG00000139220	homo_sapiens	canonical	T
ENSG00000139220_37_alternative	F	F	T	F	F	ENSG00000139220	homo_sapiens	alternative	T
ENSG00000139220_38_canonical	T	T	F	T	T	ENSG00000139220	homo_sapiens	canonical	T
ENSG00000139220_38_alternative	F	F	T	F	F	ENSG00000139220	homo_sapiens	alternative	T
ENSG00000107643_1_canonical	T	T	T	T	T	ENSG00000107643	homo_sapiens	canonical	T
ENSG00000107643_1_alternative	T	T	T	T	T	ENSG00000107643	homo_sapiens	alternative	T
ENSG00000107643_2_canonical	T	T	T	T	T	ENSG00000107643	homo_sapiens	canonical	T
ENSG00000107643_2_alternative	T	T	T	T	T	ENSG00000107643	homo_sapiens	alternative	T
ENSG00000107643_3_canonical	T	T	T	T	T	ENSG00000107643	homo_sapiens	canonical	T
ENSG00000107643_3_alternative	T	T	T	T	T	ENSG00000107643	homo_sapiens	alternative	T
ENSG00000107643_4_canonical	T	T	T	T	T	ENSG00000107643	homo_sapiens	canonical	T
ENSG00000107643_4_alternative	T	T	T	T	T	ENSG00000107643	homo_sapiens	alternative	T
ENSG00000107643_5_canonical	T	T	T	F	T	ENSG00000107643	homo_sapiens	canonical	T
ENSG00000107643_5_alternative	F	F	T	F	F	ENSG00000107643	homo_sapiens	alternative	T
ENSG00000107643_6_canonical	T	T	T	F	T	ENSG00000107643	homo_sapiens	canonical	T
ENSG00000107643_6_alternative	F	F	T	F	F	ENSG00000107643	homo_sapiens	alternative	T
ENSG00000107643_7_canonical	T	T	T	F	T	ENSG00000107643	homo_sapiens	canonical	T
ENSG00000107643_7_alternative	F	F	T	F	F	ENSG00000107643	homo_sapiens	alternative	T
ENSG00000107643_8_canonical	T	T	T	T	T	ENSG00000107643	homo_sapiens	canonical	T
ENSG00000107643_8_alternative	F	F	T	F	F	ENSG00000107643	homo_sapiens	alternative	T
ENSG00000107643_9_canonical	T	T	T	T	T	ENSG00000107643	homo_sapiens	canonical	T
ENSG00000107643_9_alternative	F	F	T	F	F	ENSG00000107643	homo_sapiens	alternative	T
ENSG00000107643_10_canonical	T	T	T	T	T	ENSG00000107643	homo_sapiens	canonical	T
ENSG00000107643_10_alternative	F	F	F	T	F	ENSG00000107643	homo_sapiens	alternative	T
ENSG00000107643_11_canonical	T	T	T	F	T	ENSG00000107643	homo_sapiens	canonical	T
ENSG00000107643_11_alternative	F	F	T	F	F	ENSG00000107643	homo_sapiens	alternative	T
ENSG00000107643_12_canonical	T	T	T	T	T	ENSG00000107643	homo_sapiens	canonical	T
ENSG00000107643_12_alternative	F	F	T	F	F	ENSG00000107643	homo_sapiens	alternative	T
ENSG00000107643_13_canonical	T	T	T	T	T	ENSG00000107643	homo_sapiens	canonical	T
ENSG00000107643_13_alternative	F	F	T	F	F	ENSG00000107643	homo_sapiens	alternative	T
ENSG00000107643_14_canonical	T	T	T	T	T	ENSG00000107643	homo_sapiens	canonical	T
ENSG00000107643_14_alternative	F	F	T	F	F	ENSG00000107643	homo_sapiens	alternative	T
ENSG00000107643_15_canonical	T	T	T	T	T	ENSG00000107643	homo_sapiens	canonical	T
ENSG00000107643_15_alternative	F	F	T	F	F	ENSG00000107643	homo_sapiens	alternative	T
ENSG00000107643_16_canonical	T	T	T	T	T	ENSG00000107643	homo_sapiens	canonical	T
ENSG00000107643_16_alternative	F	F	T	F	F	ENSG00000107643	homo_sapiens	alternative	T
ENSG00000107643_17_canonical	T	T	T	T	T	ENSG00000107643	homo_sapiens	canonical	T
ENSG00000107643_17_alternative	F	F	T	F	F	ENSG00000107643	homo_sapiens	alternative	T
ENSG00000187122_1_canonical	F	F	T	F	T	ENSG00000187122	homo_sapiens	canonical	T
ENSG00000187122_1_alternative	F	F	T	F	T	ENSG00000187122	homo_sapiens	alternative	T
ENSG00000187122_2_canonical	F	F	T	F	T	ENSG00000187122	homo_sapiens	canonical	T
ENSG00000187122_2_alternative	F	F	T	F	T	ENSG00000187122	homo_sapiens	alternative	T
ENSG00000187122_3_canonical	F	F	T	F	T	ENSG00000187122	homo_sapiens	canonical	T
ENSG00000187122_3_alternative	F	F	T	F	F	ENSG00000187122	homo_sapiens	alternative	T
ENSG00000187122_4_canonical	F	F	T	F	T	ENSG00000187122	homo_sapiens	canonical	T
ENSG00000187122_4_alternative	F	F	T	F	F	ENSG00000187122	homo_sapiens	alternative	T
ENSG00000128641_1_canonical	T	T	T	T	T	ENSG00000128641	homo_sapiens	canonical	T
ENSG00000128641_1_alternative	T	T	T	T	T	ENSG00000128641	homo_sapiens	alternative	T
ENSG00000128641_2_canonical	T	T	T	T	T	ENSG00000128641	homo_sapiens	canonical	T
ENSG00000128641_2_alternative	T	T	T	T	T	ENSG00000128641	homo_sapiens	alternative	T
ENSG00000128641_3_canonical	T	T	T	T	T	ENSG00000128641	homo_sapiens	canonical	T
ENSG00000128641_3_alternative	F	F	T	F	F	ENSG00000128641	homo_sapiens	alternative	T
ENSG00000128641_4_canonical	T	T	T	T	T	ENSG00000128641	homo_sapiens	canonical	T
ENSG00000128641_4_alternative	F	F	T	F	F	ENSG00000128641	homo_sapiens	alternative	T
ENSG00000128641_5_canonical	T	T	T	T	T	ENSG00000128641	homo_sapiens	canonical	T
ENSG00000128641_5_alternative	F	F	T	F	F	ENSG00000128641	homo_sapiens	alternative	T
ENSG00000128641_6_canonical	T	T	T	T	T	ENSG00000128641	homo_sapiens	canonical	T
ENSG00000128641_6_alternative	F	F	T	F	F	ENSG00000128641	homo_sapiens	alternative	T
ENSG00000128641_7_canonical	T	T	T	T	T	ENSG00000128641	homo_sapiens	canonical	T
ENSG00000128641_7_alternative	F	F	T	F	F	ENSG00000128641	homo_sapiens	alternative	T
ENSG00000128641_8_canonical	T	T	T	T	T	ENSG00000128641	homo_sapiens	canonical	T
ENSG00000128641_8_alternative	F	F	T	F	F	ENSG00000128641	homo_sapiens	alternative	T
ENSG00000128641_9_canonical	T	T	T	T	T	ENSG00000128641	homo_sapiens	canonical	T
ENSG00000128641_9_alternative	F	F	T	F	F	ENSG00000128641	homo_sapiens	alternative	T
ENSG00000128641_10_canonical	T	T	T	T	T	ENSG00000128641	homo_sapiens	canonical	T
ENSG00000128641_10_alternative	F	F	T	F	F	ENSG00000128641	homo_sapiens	alternative	T
ENSG00000128641_11_canonical	T	T	T	T	T	ENSG00000128641	homo_sapiens	canonical	T
ENSG00000128641_11_alternative	F	F	T	F	F	ENSG00000128641	homo_sapiens	alternative	T
ENSG00000128641_12_canonical	T	T	T	T	T	ENSG00000128641	homo_sapiens	canonical	T
ENSG00000128641_12_alternative	F	F	T	F	F	ENSG00000128641	homo_sapiens	alternative	T
ENSG00000128641_13_canonical	T	T	T	T	T	ENSG00000128641	homo_sapiens	canonical	T
ENSG00000128641_13_alternative	F	F	T	F	F	ENSG00000128641	homo_sapiens	alternative	T
ENSG00000128641_14_canonical	T	T	T	T	T	ENSG00000128641	homo_sapiens	canonical	T
ENSG00000128641_14_alternative	F	F	T	F	F	ENSG00000128641	homo_sapiens	alternative	T
ENSG00000148737_1_canonical	T	T	T	T	T	ENSG00000148737	homo_sapiens	canonical	F
ENSG00000148737_1_alternative	T	T	T	T	T	ENSG00000148737	homo_sapiens	alternative	F
ENSG00000148737_2_canonical	T	T	T	T	T	ENSG00000148737	homo_sapiens	canonical	F
ENSG00000148737_2_alternative	T	T	T	T	T	ENSG00000148737	homo_sapiens	alternative	F
ENSG00000148737_3_canonical	T	T	T	T	T	ENSG00000148737	homo_sapiens	canonical	F
ENSG00000148737_3_alternative	T	T	T	T	T	ENSG00000148737	homo_sapiens	alternative	F
ENSG00000148737_4_canonical	T	T	T	T	T	ENSG00000148737	homo_sapiens	canonical	F
ENSG00000148737_4_alternative	T	T	T	T	T	ENSG00000148737	homo_sapiens	alternative	F
ENSG00000148737_5_canonical	T	T	T	T	T	ENSG00000148737	homo_sapiens	canonical	F
ENSG00000148737_5_alternative	T	T	T	F	T	ENSG00000148737	homo_sapiens	alternative	F
ENSG00000148737_6_canonical	T	T	T	T	T	ENSG00000148737	homo_sapiens	canonical	F
ENSG00000148737_6_alternative	T	T	F	T	T	ENSG00000148737	homo_sapiens	alternative	F
ENSG00000148737_7_canonical	T	T	T	T	T	ENSG00000148737	homo_sapiens	canonical	F
ENSG00000148737_7_alternative	T	T	T	F	T	ENSG00000148737	homo_sapiens	alternative	F
ENSG00000148737_8_canonical	T	T	T	T	T	ENSG00000148737	homo_sapiens	canonical	F
ENSG00000148737_8_alternative	T	T	T	F	T	ENSG00000148737	homo_sapiens	alternative	F
ENSG00000148737_9_canonical	T	T	T	T	T	ENSG00000148737	homo_sapiens	canonical	F
ENSG00000148737_9_alternative	T	T	T	F	F	ENSG00000148737	homo_sapiens	alternative	F
ENSG00000148737_10_canonical	T	T	T	T	T	ENSG00000148737	homo_sapiens	canonical	F
ENSG00000148737_10_alternative	T	T	F	F	T	ENSG00000148737	homo_sapiens	alternative	F
ENSG00000148737_11_canonical	T	T	T	T	T	ENSG00000148737	homo_sapiens	canonical	F
ENSG00000148737_11_alternative	T	T	F	T	F	ENSG00000148737	homo_sapiens	alternative	F
ENSG00000148737_12_canonical	T	T	T	T	T	ENSG00000148737	homo_sapiens	canonical	F
ENSG00000148737_12_alternative	F	F	F	T	T	ENSG00000148737	homo_sapiens	alternative	F
ENSG00000148737_13_canonical	T	T	T	T	T	ENSG00000148737	homo_sapiens	canonical	F
ENSG00000148737_13_alternative	F	F	T	F	T	ENSG00000148737	homo_sapiens	alternative	F
ENSG00000148737_14_canonical	T	T	T	T	T	ENSG00000148737	homo_sapiens	canonical	F
ENSG00000148737_14_alternative	T	T	F	F	F	ENSG00000148737	homo_sapiens	alternative	F
ENSG00000148737_15_canonical	T	T	T	T	T	ENSG00000148737	homo_sapiens	canonical	F
ENSG00000148737_15_alternative	T	T	F	F	F	ENSG00000148737	homo_sapiens	alternative	F
ENSG00000148737_16_canonical	T	T	T	F	T	ENSG00000148737	homo_sapiens	canonical	F
ENSG00000148737_16_alternative	F	F	T	F	F	ENSG00000148737	homo_sapiens	alternative	F
ENSG00000148737_17_canonical	T	T	T	F	T	ENSG00000148737	homo_sapiens	canonical	F
ENSG00000148737_17_alternative	F	F	T	F	F	ENSG00000148737	homo_sapiens	alternative	F
ENSG00000148737_18_canonical	T	T	T	F	T	ENSG00000148737	homo_sapiens	canonical	F
ENSG00000148737_18_alternative	F	F	T	F	F	ENSG00000148737	homo_sapiens	alternative	F
ENSG00000148737_19_canonical	T	T	T	F	T	ENSG00000148737	homo_sapiens	canonical	F
ENSG00000148737_19_alternative	F	F	T	F	F	ENSG00000148737	homo_sapiens	alternative	F
ENSG00000148737_20_canonical	T	T	T	F	T	ENSG00000148737	homo_sapiens	canonical	F
ENSG00000148737_20_alternative	F	F	T	F	F	ENSG00000148737	homo_sapiens	alternative	F
ENSG00000148737_21_canonical	T	T	T	F	T	ENSG00000148737	homo_sapiens	canonical	F
ENSG00000148737_21_alternative	F	F	T	F	F	ENSG00000148737	homo_sapiens	alternative	F
ENSG00000148737_22_canonical	T	T	T	F	T	ENSG00000148737	homo_sapiens	canonical	F
ENSG00000148737_22_alternative	F	F	T	F	F	ENSG00000148737	homo_sapiens	alternative	F
ENSG00000148737_23_canonical	T	T	T	F	T	ENSG00000148737	homo_sapiens	canonical	F
ENSG00000148737_23_alternative	F	F	T	F	F	ENSG00000148737	homo_sapiens	alternative	F
ENSG00000148737_24_canonical	T	T	T	F	T	ENSG00000148737	homo_sapiens	canonical	F
ENSG00000148737_24_alternative	F	F	T	F	F	ENSG00000148737	homo_sapiens	alternative	F
ENSG00000148737_25_canonical	T	T	T	F	T	ENSG00000148737	homo_sapiens	canonical	F
ENSG00000148737_25_alternative	F	F	T	F	F	ENSG00000148737	homo_sapiens	alternative	F
ENSG00000148737_26_canonical	T	T	T	T	T	ENSG00000148737	homo_sapiens	canonical	F
ENSG00000148737_26_alternative	F	F	T	F	F	ENSG00000148737	homo_sapiens	alternative	F
ENSG00000148737_27_canonical	T	T	T	T	T	ENSG00000148737	homo_sapiens	canonical	F
ENSG00000148737_27_alternative	F	F	T	F	F	ENSG00000148737	homo_sapiens	alternative	F
ENSG00000148737_28_canonical	T	T	T	T	T	ENSG00000148737	homo_sapiens	canonical	F
ENSG00000148737_28_alternative	F	F	F	F	T	ENSG00000148737	homo_sapiens	alternative	F
ENSG00000148737_29_canonical	T	T	T	T	T	ENSG00000148737	homo_sapiens	canonical	F
ENSG00000148737_29_alternative	F	F	F	F	T	ENSG00000148737	homo_sapiens	alternative	F
ENSG00000148737_30_canonical	T	T	T	T	T	ENSG00000148737	homo_sapiens	canonical	F
ENSG00000148737_30_alternative	F	F	F	T	F	ENSG00000148737	homo_sapiens	alternative	F
ENSG00000148737_31_canonical	T	T	T	T	T	ENSG00000148737	homo_sapiens	canonical	F
ENSG00000148737_31_alternative	T	F	F	F	F	ENSG00000148737	homo_sapiens	alternative	F
ENSG00000148737_32_canonical	T	T	T	T	T	ENSG00000148737	homo_sapiens	canonical	F
ENSG00000148737_32_alternative	F	T	F	F	F	ENSG00000148737	homo_sapiens	alternative	F
ENSG00000148737_33_canonical	T	T	T	T	T	ENSG00000148737	homo_sapiens	canonical	F
ENSG00000148737_33_alternative	F	F	F	F	T	ENSG00000148737	homo_sapiens	alternative	F
ENSG00000148737_34_canonical	T	T	T	T	T	ENSG00000148737	homo_sapiens	canonical	F
ENSG00000148737_34_alternative	F	F	F	F	T	ENSG00000148737	homo_sapiens	alternative	F
ENSG00000148737_35_canonical	T	T	T	T	T	ENSG00000148737	homo_sapiens	canonical	F
ENSG00000148737_35_alternative	F	F	T	F	F	ENSG00000148737	homo_sapiens	alternative	F
ENSG00000148737_36_canonical	T	T	T	T	T	ENSG00000148737	homo_sapiens	canonical	F
ENSG00000148737_36_alternative	F	F	T	F	F	ENSG00000148737	homo_sapiens	alternative	F
ENSG00000148737_37_canonical	T	T	T	T	T	ENSG00000148737	homo_sapiens	canonical	F
ENSG00000148737_37_alternative	F	F	T	F	F	ENSG00000148737	homo_sapiens	alternative	F
ENSG00000148737_38_canonical	T	T	T	T	T	ENSG00000148737	homo_sapiens	canonical	F
ENSG00000148737_38_alternative	F	F	T	F	F	ENSG00000148737	homo_sapiens	alternative	F
ENSG00000148737_39_canonical	T	T	T	T	T	ENSG00000148737	homo_sapiens	canonical	F
ENSG00000148737_39_alternative	F	F	T	F	F	ENSG00000148737	homo_sapiens	alternative	F
ENSG00000148737_40_canonical	T	T	T	T	T	ENSG00000148737	homo_sapiens	canonical	F
ENSG00000148737_40_alternative	F	F	F	T	F	ENSG00000148737	homo_sapiens	alternative	F
ENSG00000148737_41_canonical	T	T	T	T	T	ENSG00000148737	homo_sapiens	canonical	F
ENSG00000148737_41_alternative	T	F	F	F	F	ENSG00000148737	homo_sapiens	alternative	F
ENSG00000148737_42_canonical	T	T	T	T	T	ENSG00000148737	homo_sapiens	canonical	F
ENSG00000148737_42_alternative	F	T	F	F	F	ENSG00000148737	homo_sapiens	alternative	F
ENSG00000148737_43_canonical	T	T	T	T	T	ENSG00000148737	homo_sapiens	canonical	F
ENSG00000148737_43_alternative	F	F	F	F	T	ENSG00000148737	homo_sapiens	alternative	F
ENSG00000148737_44_canonical	T	T	T	T	T	ENSG00000148737	homo_sapiens	canonical	F
ENSG00000148737_44_alternative	F	F	T	F	F	ENSG00000148737	homo_sapiens	alternative	F
ENSG00000148737_45_canonical	T	T	T	T	T	ENSG00000148737	homo_sapiens	canonical	F
ENSG00000148737_45_alternative	F	F	T	F	F	ENSG00000148737	homo_sapiens	alternative	F
ENSG00000148737_46_canonical	T	T	T	T	T	ENSG00000148737	homo_sapiens	canonical	F
ENSG00000148737_46_alternative	F	F	F	T	F	ENSG00000148737	homo_sapiens	alternative	F
ENSG00000148737_47_canonical	T	T	T	T	T	ENSG00000148737	homo_sapiens	canonical	F
ENSG00000148737_47_alternative	T	F	F	F	F	ENSG00000148737	homo_sapiens	alternative	F
ENSG00000148737_48_canonical	T	T	T	T	T	ENSG00000148737	homo_sapiens	canonical	F
ENSG00000148737_48_alternative	F	T	F	F	F	ENSG00000148737	homo_sapiens	alternative	F
ENSG00000148737_49_canonical	T	T	T	T	T	ENSG00000148737	homo_sapiens	canonical	F
ENSG00000148737_49_alternative	F	F	F	F	T	ENSG00000148737	homo_sapiens	alternative	F
ENSG00000148737_50_canonical	T	T	T	T	T	ENSG00000148737	homo_sapiens	canonical	F
ENSG00000148737_50_alternative	F	F	T	F	F	ENSG00000148737	homo_sapiens	alternative	F
ENSG00000148737_51_canonical	T	T	T	T	T	ENSG00000148737	homo_sapiens	canonical	F
ENSG00000148737_51_alternative	F	F	T	F	F	ENSG00000148737	homo_sapiens	alternative	F
ENSG00000148737_52_canonical	T	T	T	T	T	ENSG00000148737	homo_sapiens	canonical	F
ENSG00000148737_52_alternative	F	F	T	F	F	ENSG00000148737	homo_sapiens	alternative	F
ENSG00000148737_53_canonical	T	T	T	T	T	ENSG00000148737	homo_sapiens	canonical	F
ENSG00000148737_53_alternative	F	F	T	F	F	ENSG00000148737	homo_sapiens	alternative	F
ENSG00000148737_54_canonical	T	T	T	T	T	ENSG00000148737	homo_sapiens	canonical	F
ENSG00000148737_54_alternative	F	F	T	F	F	ENSG00000148737	homo_sapiens	alternative	F
ENSG00000010810_1_canonical	F	F	T	T	T	ENSG00000010810	homo_sapiens	canonical	T
ENSG00000010810_1_alternative	T	F	T	F	T	ENSG00000010810	homo_sapiens	alternative	T
ENSG00000010810_2_canonical	F	F	T	T	T	ENSG00000010810	homo_sapiens	canonical	T
ENSG00000010810_2_alternative	F	F	T	F	T	ENSG00000010810	homo_sapiens	alternative	T
ENSG00000010810_3_canonical	F	F	T	T	T	ENSG00000010810	homo_sapiens	canonical	T
ENSG00000010810_3_alternative	F	F	T	F	F	ENSG00000010810	homo_sapiens	alternative	T
ENSG00000010810_4_canonical	F	F	T	T	T	ENSG00000010810	homo_sapiens	canonical	T
ENSG00000010810_4_alternative	F	F	T	F	F	ENSG00000010810	homo_sapiens	alternative	T
ENSG00000010810_5_canonical	F	F	T	T	T	ENSG00000010810	homo_sapiens	canonical	T
ENSG00000010810_5_alternative	F	F	T	F	F	ENSG00000010810	homo_sapiens	alternative	T
ENSG00000010810_6_canonical	F	F	T	T	T	ENSG00000010810	homo_sapiens	canonical	T
ENSG00000010810_6_alternative	F	F	T	F	F	ENSG00000010810	homo_sapiens	alternative	T
ENSG00000010810_7_canonical	F	F	T	T	T	ENSG00000010810	homo_sapiens	canonical	T
ENSG00000010810_7_alternative	F	F	T	F	F	ENSG00000010810	homo_sapiens	alternative	T
ENSG00000010810_8_canonical	F	F	T	T	T	ENSG00000010810	homo_sapiens	canonical	T
ENSG00000010810_8_alternative	F	F	T	F	F	ENSG00000010810	homo_sapiens	alternative	T
ENSG00000010810_9_canonical	F	F	T	T	T	ENSG00000010810	homo_sapiens	canonical	T
ENSG00000010810_9_alternative	F	F	T	F	F	ENSG00000010810	homo_sapiens	alternative	T
ENSG00000010810_10_canonical	F	F	T	T	T	ENSG00000010810	homo_sapiens	canonical	T
ENSG00000010810_10_alternative	F	F	T	F	F	ENSG00000010810	homo_sapiens	alternative	T
ENSG00000010810_11_canonical	F	F	T	T	T	ENSG00000010810	homo_sapiens	canonical	T
ENSG00000010810_11_alternative	F	F	T	F	F	ENSG00000010810	homo_sapiens	alternative	T
ENSG00000010810_12_canonical	T	F	T	T	T	ENSG00000010810	homo_sapiens	canonical	T
ENSG00000010810_12_alternative	F	F	T	F	F	ENSG00000010810	homo_sapiens	alternative	T
ENSG00000010810_13_canonical	T	F	T	T	T	ENSG00000010810	homo_sapiens	canonical	T
ENSG00000010810_13_alternative	F	F	T	F	F	ENSG00000010810	homo_sapiens	alternative	T
ENSG00000169855_1_canonical	T	T	T	T	T	ENSG00000169855	homo_sapiens	canonical	T
ENSG00000169855_1_alternative	T	T	T	F	T	ENSG00000169855	homo_sapiens	alternative	T
ENSG00000169855_2_canonical	T	T	T	T	T	ENSG00000169855	homo_sapiens	canonical	T
ENSG00000169855_2_alternative	T	T	T	F	T	ENSG00000169855	homo_sapiens	alternative	T
ENSG00000169855_3_canonical	T	T	T	T	T	ENSG00000169855	homo_sapiens	canonical	T
ENSG00000169855_3_alternative	T	T	T	F	T	ENSG00000169855	homo_sapiens	alternative	T
ENSG00000169855_4_canonical	T	F	T	F	T	ENSG00000169855	homo_sapiens	canonical	T
ENSG00000169855_4_alternative	T	T	T	T	T	ENSG00000169855	homo_sapiens	alternative	T
ENSG00000169855_5_canonical	T	T	T	T	T	ENSG00000169855	homo_sapiens	canonical	T
ENSG00000169855_5_alternative	T	F	T	F	F	ENSG00000169855	homo_sapiens	alternative	T
ENSG00000169855_6_canonical	T	T	T	T	T	ENSG00000169855	homo_sapiens	canonical	T
ENSG00000169855_6_alternative	F	F	T	F	T	ENSG00000169855	homo_sapiens	alternative	T
ENSG00000169855_7_canonical	T	F	T	F	T	ENSG00000169855	homo_sapiens	canonical	T
ENSG00000169855_7_alternative	F	F	T	F	F	ENSG00000169855	homo_sapiens	alternative	T
ENSG00000169855_8_canonical	T	F	T	F	T	ENSG00000169855	homo_sapiens	canonical	T
ENSG00000169855_8_alternative	F	F	T	F	F	ENSG00000169855	homo_sapiens	alternative	T
ENSG00000169855_9_canonical	T	F	T	F	T	ENSG00000169855	homo_sapiens	canonical	T
ENSG00000169855_9_alternative	F	F	T	F	F	ENSG00000169855	homo_sapiens	alternative	T
ENSG00000169855_10_canonical	T	F	T	F	T	ENSG00000169855	homo_sapiens	canonical	T
ENSG00000169855_10_alternative	F	F	T	F	F	ENSG00000169855	homo_sapiens	alternative	T
ENSG00000169855_11_canonical	T	F	T	F	T	ENSG00000169855	homo_sapiens	canonical	T
ENSG00000169855_11_alternative	F	F	T	F	F	ENSG00000169855	homo_sapiens	alternative	T
ENSG00000169855_12_canonical	T	F	T	F	T	ENSG00000169855	homo_sapiens	canonical	T
ENSG00000169855_12_alternative	F	F	F	F	T	ENSG00000169855	homo_sapiens	alternative	T
ENSG00000169855_13_canonical	T	T	T	T	T	ENSG00000169855	homo_sapiens	canonical	T
ENSG00000169855_13_alternative	F	F	T	F	F	ENSG00000169855	homo_sapiens	alternative	T
ENSG00000169855_14_canonical	T	T	T	T	T	ENSG00000169855	homo_sapiens	canonical	T
ENSG00000169855_14_alternative	F	F	T	F	F	ENSG00000169855	homo_sapiens	alternative	T
ENSG00000169855_15_canonical	T	T	T	T	T	ENSG00000169855	homo_sapiens	canonical	T
ENSG00000169855_15_alternative	F	F	T	F	F	ENSG00000169855	homo_sapiens	alternative	T
ENSG00000169855_16_canonical	T	T	T	T	T	ENSG00000169855	homo_sapiens	canonical	T
ENSG00000169855_16_alternative	F	F	T	F	F	ENSG00000169855	homo_sapiens	alternative	T
ENSG00000169855_17_canonical	T	T	T	T	T	ENSG00000169855	homo_sapiens	canonical	T
ENSG00000169855_17_alternative	T	F	F	F	F	ENSG00000169855	homo_sapiens	alternative	T
ENSG00000169855_18_canonical	T	T	T	T	T	ENSG00000169855	homo_sapiens	canonical	T
ENSG00000169855_18_alternative	F	F	F	F	T	ENSG00000169855	homo_sapiens	alternative	T
ENSG00000169855_19_canonical	T	F	T	F	T	ENSG00000169855	homo_sapiens	canonical	T
ENSG00000169855_19_alternative	F	F	T	F	F	ENSG00000169855	homo_sapiens	alternative	T
ENSG00000169855_20_canonical	T	T	T	T	T	ENSG00000169855	homo_sapiens	canonical	T
ENSG00000169855_20_alternative	F	F	T	F	F	ENSG00000169855	homo_sapiens	alternative	T
ENSG00000169855_21_canonical	T	T	T	T	T	ENSG00000169855	homo_sapiens	canonical	T
ENSG00000169855_21_alternative	F	F	T	F	F	ENSG00000169855	homo_sapiens	alternative	T
ENSG00000169855_22_canonical	T	F	T	F	T	ENSG00000169855	homo_sapiens	canonical	T
ENSG00000169855_22_alternative	F	F	F	T	F	ENSG00000169855	homo_sapiens	alternative	T
ENSG00000185008_1_canonical	F	F	T	F	T	ENSG00000185008	homo_sapiens	canonical	T
ENSG00000185008_1_alternative	F	F	T	F	T	ENSG00000185008	homo_sapiens	alternative	T
ENSG00000185008_2_canonical	F	F	T	F	T	ENSG00000185008	homo_sapiens	canonical	T
ENSG00000185008_2_alternative	F	F	T	F	T	ENSG00000185008	homo_sapiens	alternative	T
ENSG00000185008_3_canonical	F	F	T	F	T	ENSG00000185008	homo_sapiens	canonical	T
ENSG00000185008_3_alternative	F	F	T	F	T	ENSG00000185008	homo_sapiens	alternative	T
ENSG00000185008_4_canonical	F	F	F	F	T	ENSG00000185008	homo_sapiens	canonical	T
ENSG00000185008_4_alternative	F	F	T	F	T	ENSG00000185008	homo_sapiens	alternative	T
ENSG00000185008_5_canonical	F	F	T	F	T	ENSG00000185008	homo_sapiens	canonical	T
ENSG00000185008_5_alternative	F	F	T	F	F	ENSG00000185008	homo_sapiens	alternative	T
ENSG00000185008_6_canonical	F	F	T	F	T	ENSG00000185008	homo_sapiens	canonical	T
ENSG00000185008_6_alternative	F	F	F	F	T	ENSG00000185008	homo_sapiens	alternative	T
ENSG00000185008_7_canonical	F	F	T	F	T	ENSG00000185008	homo_sapiens	canonical	T
ENSG00000185008_7_alternative	F	F	T	F	F	ENSG00000185008	homo_sapiens	alternative	T
ENSG00000185008_8_canonical	F	F	T	F	T	ENSG00000185008	homo_sapiens	canonical	T
ENSG00000185008_8_alternative	F	F	T	F	F	ENSG00000185008	homo_sapiens	alternative	T
ENSG00000185008_9_canonical	F	F	F	F	T	ENSG00000185008	homo_sapiens	canonical	T
ENSG00000185008_9_alternative	F	F	T	F	T	ENSG00000185008	homo_sapiens	alternative	T
ENSG00000185008_10_canonical	F	F	F	F	T	ENSG00000185008	homo_sapiens	canonical	T
ENSG00000185008_10_alternative	F	F	T	F	T	ENSG00000185008	homo_sapiens	alternative	T
ENSG00000185008_11_canonical	F	F	F	F	T	ENSG00000185008	homo_sapiens	canonical	T
ENSG00000185008_11_alternative	F	F	F	F	T	ENSG00000185008	homo_sapiens	alternative	T
ENSG00000185008_12_canonical	F	F	F	F	T	ENSG00000185008	homo_sapiens	canonical	T
ENSG00000185008_12_alternative	F	F	T	F	F	ENSG00000185008	homo_sapiens	alternative	T
ENSG00000185008_13_canonical	F	F	F	F	T	ENSG00000185008	homo_sapiens	canonical	T
ENSG00000185008_13_alternative	F	F	T	F	F	ENSG00000185008	homo_sapiens	alternative	T
ENSG00000185008_14_canonical	F	F	F	F	T	ENSG00000185008	homo_sapiens	canonical	T
ENSG00000185008_14_alternative	F	F	T	F	F	ENSG00000185008	homo_sapiens	alternative	T
ENSG00000185008_15_canonical	F	F	F	F	T	ENSG00000185008	homo_sapiens	canonical	T
ENSG00000185008_15_alternative	F	F	T	F	F	ENSG00000185008	homo_sapiens	alternative	T
ENSG00000185008_16_canonical	F	F	F	F	T	ENSG00000185008	homo_sapiens	canonical	T
ENSG00000185008_16_alternative	F	F	T	F	F	ENSG00000185008	homo_sapiens	alternative	T
ENSG00000185008_17_canonical	F	F	F	F	T	ENSG00000185008	homo_sapiens	canonical	T
ENSG00000185008_17_alternative	F	F	T	F	F	ENSG00000185008	homo_sapiens	alternative	T
ENSG00000185008_18_canonical	F	F	F	F	T	ENSG00000185008	homo_sapiens	canonical	T
ENSG00000185008_18_alternative	F	F	T	F	F	ENSG00000185008	homo_sapiens	alternative	T
ENSG00000185008_19_canonical	F	F	F	F	T	ENSG00000185008	homo_sapiens	canonical	T
ENSG00000185008_19_alternative	F	F	T	F	F	ENSG00000185008	homo_sapiens	alternative	T
ENSG00000185008_20_canonical	F	F	F	F	T	ENSG00000185008	homo_sapiens	canonical	T
ENSG00000185008_20_alternative	F	F	T	F	F	ENSG00000185008	homo_sapiens	alternative	T
ENSG00000185008_21_canonical	F	F	F	F	T	ENSG00000185008	homo_sapiens	canonical	T
ENSG00000185008_21_alternative	F	F	T	F	F	ENSG00000185008	homo_sapiens	alternative	T
ENSG00000185008_22_canonical	F	F	F	F	T	ENSG00000185008	homo_sapiens	canonical	T
ENSG00000185008_22_alternative	F	F	T	F	F	ENSG00000185008	homo_sapiens	alternative	T
ENSG00000185008_23_canonical	F	F	F	F	T	ENSG00000185008	homo_sapiens	canonical	T
ENSG00000185008_23_alternative	F	F	T	F	F	ENSG00000185008	homo_sapiens	alternative	T
ENSG00000185008_24_canonical	F	F	F	F	T	ENSG00000185008	homo_sapiens	canonical	T
ENSG00000185008_24_alternative	F	F	T	F	F	ENSG00000185008	homo_sapiens	alternative	T
ENSG00000092421_1_canonical	T	F	T	F	T	ENSG00000092421	homo_sapiens	canonical	T
ENSG00000092421_1_alternative	T	T	T	T	T	ENSG00000092421	homo_sapiens	alternative	T
ENSG00000092421_2_canonical	T	F	T	F	T	ENSG00000092421	homo_sapiens	canonical	T
ENSG00000092421_2_alternative	F	F	T	F	T	ENSG00000092421	homo_sapiens	alternative	T
ENSG00000092421_3_canonical	T	F	T	F	T	ENSG00000092421	homo_sapiens	canonical	T
ENSG00000092421_3_alternative	F	F	T	F	T	ENSG00000092421	homo_sapiens	alternative	T
ENSG00000092421_4_canonical	T	F	T	F	T	ENSG00000092421	homo_sapiens	canonical	T
ENSG00000092421_4_alternative	T	T	T	T	F	ENSG00000092421	homo_sapiens	alternative	T
ENSG00000092421_5_canonical	T	F	T	F	T	ENSG00000092421	homo_sapiens	canonical	T
ENSG00000092421_5_alternative	F	F	T	F	F	ENSG00000092421	homo_sapiens	alternative	T
ENSG00000092421_6_canonical	T	F	T	F	T	ENSG00000092421	homo_sapiens	canonical	T
ENSG00000092421_6_alternative	F	F	T	F	F	ENSG00000092421	homo_sapiens	alternative	T
ENSG00000092421_7_canonical	T	F	T	F	T	ENSG00000092421	homo_sapiens	canonical	T
ENSG00000092421_7_alternative	F	F	T	F	F	ENSG00000092421	homo_sapiens	alternative	T
ENSG00000092421_8_canonical	T	F	T	F	T	ENSG00000092421	homo_sapiens	canonical	T
ENSG00000092421_8_alternative	F	F	T	F	F	ENSG00000092421	homo_sapiens	alternative	T
ENSG00000092421_9_canonical	T	F	T	F	T	ENSG00000092421	homo_sapiens	canonical	T
ENSG00000092421_9_alternative	F	F	T	F	F	ENSG00000092421	homo_sapiens	alternative	T
ENSG00000092421_10_canonical	T	T	T	T	T	ENSG00000092421	homo_sapiens	canonical	T
ENSG00000092421_10_alternative	F	F	T	F	F	ENSG00000092421	homo_sapiens	alternative	T
ENSG00000092421_11_canonical	T	T	T	T	T	ENSG00000092421	homo_sapiens	canonical	T
ENSG00000092421_11_alternative	F	F	T	F	F	ENSG00000092421	homo_sapiens	alternative	T
ENSG00000092421_12_canonical	T	T	T	T	T	ENSG00000092421	homo_sapiens	canonical	T
ENSG00000092421_12_alternative	F	F	T	F	F	ENSG00000092421	homo_sapiens	alternative	T
ENSG00000092421_13_canonical	T	F	T	F	T	ENSG00000092421	homo_sapiens	canonical	T
ENSG00000092421_13_alternative	F	F	T	F	F	ENSG00000092421	homo_sapiens	alternative	T
ENSG00000092421_14_canonical	T	F	T	F	T	ENSG00000092421	homo_sapiens	canonical	T
ENSG00000092421_14_alternative	F	F	T	F	F	ENSG00000092421	homo_sapiens	alternative	T
ENSG00000050748_1_canonical	T	T	T	T	T	ENSG00000050748	homo_sapiens	canonical	T
ENSG00000050748_1_alternative	T	T	T	T	T	ENSG00000050748	homo_sapiens	alternative	T
ENSG00000050748_2_canonical	T	T	T	T	T	ENSG00000050748	homo_sapiens	canonical	T
ENSG00000050748_2_alternative	T	T	T	F	T	ENSG00000050748	homo_sapiens	alternative	T
ENSG00000050748_3_canonical	T	T	T	T	T	ENSG00000050748	homo_sapiens	canonical	T
ENSG00000050748_3_alternative	T	T	T	F	T	ENSG00000050748	homo_sapiens	alternative	T
ENSG00000050748_4_canonical	T	T	F	T	T	ENSG00000050748	homo_sapiens	canonical	T
ENSG00000050748_4_alternative	T	T	T	T	T	ENSG00000050748	homo_sapiens	alternative	T
ENSG00000050748_5_canonical	T	T	T	T	T	ENSG00000050748	homo_sapiens	canonical	T
ENSG00000050748_5_alternative	T	T	T	F	F	ENSG00000050748	homo_sapiens	alternative	T
ENSG00000050748_6_canonical	T	T	T	T	T	ENSG00000050748	homo_sapiens	canonical	T
ENSG00000050748_6_alternative	F	F	T	F	F	ENSG00000050748	homo_sapiens	alternative	T
ENSG00000050748_7_canonical	T	T	T	T	T	ENSG00000050748	homo_sapiens	canonical	T
ENSG00000050748_7_alternative	F	F	T	F	F	ENSG00000050748	homo_sapiens	alternative	T
ENSG00000050748_8_canonical	T	T	F	T	T	ENSG00000050748	homo_sapiens	canonical	T
ENSG00000050748_8_alternative	F	F	F	F	T	ENSG00000050748	homo_sapiens	alternative	T
ENSG00000050748_9_canonical	T	T	T	T	T	ENSG00000050748	homo_sapiens	canonical	T
ENSG00000050748_9_alternative	F	F	T	F	F	ENSG00000050748	homo_sapiens	alternative	T
ENSG00000050748_10_canonical	T	T	F	T	T	ENSG00000050748	homo_sapiens	canonical	T
ENSG00000050748_10_alternative	F	F	T	F	T	ENSG00000050748	homo_sapiens	alternative	T
ENSG00000050748_11_canonical	T	T	T	T	T	ENSG00000050748	homo_sapiens	canonical	T
ENSG00000050748_11_alternative	F	F	T	F	F	ENSG00000050748	homo_sapiens	alternative	T
ENSG00000050748_12_canonical	T	T	T	T	T	ENSG00000050748	homo_sapiens	canonical	T
ENSG00000050748_12_alternative	F	F	T	F	F	ENSG00000050748	homo_sapiens	alternative	T
ENSG00000050748_13_canonical	T	T	T	T	T	ENSG00000050748	homo_sapiens	canonical	T
ENSG00000050748_13_alternative	T	F	F	F	F	ENSG00000050748	homo_sapiens	alternative	T
ENSG00000050748_14_canonical	T	T	T	T	T	ENSG00000050748	homo_sapiens	canonical	T
ENSG00000050748_14_alternative	F	T	F	F	F	ENSG00000050748	homo_sapiens	alternative	T
ENSG00000050748_15_canonical	T	T	F	T	T	ENSG00000050748	homo_sapiens	canonical	T
ENSG00000050748_15_alternative	F	F	T	F	F	ENSG00000050748	homo_sapiens	alternative	T
ENSG00000050748_16_canonical	T	T	F	T	T	ENSG00000050748	homo_sapiens	canonical	T
ENSG00000050748_16_alternative	F	F	T	F	F	ENSG00000050748	homo_sapiens	alternative	T
ENSG00000050748_17_canonical	T	T	F	T	T	ENSG00000050748	homo_sapiens	canonical	T
ENSG00000050748_17_alternative	F	F	T	F	F	ENSG00000050748	homo_sapiens	alternative	T
